<?xml version="1.0" encoding="UTF-8"?>
<taxes>
        
        <payer>
            <name>Nick Nedd</name>
            <gender>Nedd</gender>
            <email>nick@tick.com</email>
            <birthyear>1976</birthyear>
            <heroname>The Tick</heroname>
            <spandex>Yes</spandex>
            <strength>9</strength>
            <speed>7</speed>
            <ingelligence>5</ingelligence>
            <wealth>0</wealth>
            <income>90 287</income>
            <tax>29 794</tax> 
        </payer>
        <payer>
            <name>Bruce Wayne</name>
            <gender>Male</gender>
            <email>bruce@wayneenterprises.com</email>
            <birthyear>1974</birthyear>
            <heroname>Batman</heroname>
            <spandex>No</spandex>
            <strength>7</strength>
            <speed>4</speed>
            <ingelligence>9</ingelligence>
            <wealth>50 144 501</wealth>
            <income>3 343 891</income>
            <tax>11 132 384</tax>
        </payer>
        <payer>
            <name>Selina Kyle</name>
            <gender>Female</gender>
            <email>selina@whiskas.com</email>
            <birthyear>1977</birthyear>
            <heroname>Catwoman</heroname>
            <spandex>Yes</spandex>
            <strength>6</strength>
            <speed>6</speed>
            <ingelligence>9</ingelligence>
            <wealth>2 987 323</wealth>
            <income>0</income>
            <tax>597 464</tax>
        </payer>
    </taxes>